din_referencia,val_pld,ear_pct_se,ena_mwmed_se,geracao_termica_mwmed,precipitacao_mm,ano,mes,trimestre,sin_mes_1,cos_mes_1,sin_mes_2,cos_mes_2,periodo_seco,pld_lag_1,pld_lag_2,pld_lag_3,pld_lag_6,pld_lag_12,pld_mm3,pld_mm6,pld_mm12,pld_std6,ear_lag1,ear_lag2,ear_delta1,ear_mm3,ena_lag1,ena_lag2,ena_mm3,term_lag1,term_mm3,precip_lag1,precip_ac3
2016-01-01,178.96,65.89,41100.0,6661.0,196.5,2016,1,1,0.49999999999999994,0.8660254037844387,0.8660254037844386,0.5000000000000001,0,170.56,183.81,220.06,270.9,148.94,191.47666666666666,219.8033333333333,204.57833333333335,38.712538881693916,69.28,54.75,-3.3900000000000006,58.38666666666668,34795.0,24848.0,28051.666666666668,6233.0,6795.0,213.2,493.5
2016-02-01,146.11,71.01,39581.0,6602.0,200.8,2016,2,1,0.8660254037844386,0.5000000000000001,0.8660254037844387,-0.4999999999999998,0,178.96,170.56,183.81,253.89,146.93,177.77666666666667,204.48000000000002,207.08,32.06800461519238,65.89,69.28,5.1200000000000045,63.30666666666667,41100.0,34795.0,33581.0,6661.0,6554.666666666667,196.5,562.4
2016-03-01,164.3,57.3,31996.0,8473.0,183.0,2016,3,1,1.0,6.123233995736766e-17,1.2246467991473532e-16,-1.0,0,146.11,178.96,170.56,219.6,179.73,165.21,186.51666666666665,207.01166666666668,28.883924017810845,71.01,65.89,-13.710000000000008,68.72666666666667,39581.0,41100.0,38492.0,6602.0,6498.666666666667,200.8,610.5
2016-04-01,204.98,60.5,31289.0,7386.0,120.8,2016,4,2,0.8660254037844387,-0.4999999999999998,-0.8660254037844384,-0.5000000000000004,0,164.3,146.11,178.96,220.06,219.38,163.12333333333336,177.29999999999998,205.72583333333333,24.741855225508164,57.3,71.01,3.200000000000003,64.73333333333333,31996.0,39581.0,37559.0,8473.0,7245.333333333333,183.0,580.3
2016-05-01,216.22,39.68,31167.0,9948.0,88.2,2016,5,2,0.49999999999999994,-0.8660254037844387,-0.8660254037844386,0.5000000000000001,1,204.98,164.3,146.11,183.81,211.49,171.79666666666665,174.78666666666666,204.52583333333334,19.802326799310045,60.5,57.3,-20.82,62.93666666666667,31289.0,31996.0,34288.666666666664,7386.0,7487.0,120.8,504.6
2016-06-01,253.73,35.25,21731.0,10312.0,40.2,2016,6,2,1.2246467991473532e-16,-1.0,-2.4492935982947064e-16,1.0,1,216.22,204.98,164.3,170.56,229.65,195.16666666666666,180.18833333333336,204.92,26.15680899243392,39.68,60.5,-4.43,52.49333333333334,31167.0,31289.0,31484.0,9948.0,8602.333333333334,88.2,392.00000000000006
2016-07-01,235.73,38.37,21315.0,12252.0,42.5,2016,7,3,-0.4999999999999997,-0.8660254037844388,0.8660254037844384,0.5000000000000006,1,253.73,216.22,204.98,178.96,270.9,224.97666666666666,194.04999999999998,206.92666666666665,38.945321670259744,35.25,39.68,3.1199999999999974,45.14333333333334,21731.0,31167.0,28062.333333333332,10312.0,9215.333333333334,40.2,249.20000000000005
2016-08-01,219.64,30.41,20937.0,9518.0,64.0,2016,8,3,-0.8660254037844384,-0.5000000000000004,0.8660254037844392,-0.4999999999999992,1,235.73,253.73,216.22,146.11,253.89,235.22666666666666,203.51166666666666,203.9958333333333,41.36681250310047,38.37,35.25,-7.959999999999997,37.76666666666667,21315.0,21731.0,24737.666666666668,12252.0,10837.333333333334,42.5,170.90000000000003
2016-09-01,254.88,44.14,17888.0,8578.0,86.0,2016,9,3,-1.0,-1.8369701987210297e-16,3.6739403974420594e-16,-1.0,1,219.64,235.73,253.73,164.3,219.6,236.36666666666665,215.76666666666668,201.14166666666668,30.397787858110142,30.41,38.37,13.73,34.67666666666667,20937.0,21315.0,21327.666666666668,9518.0,10694.0,64.0,146.70000000000005
2016-10-01,202.3,58.39,23351.0,7520.0,148.2,2016,10,4,-0.8660254037844386,0.5000000000000001,-0.8660254037844387,-0.49999999999999983,1,254.88,219.64,235.73,204.98,220.06,236.75,230.86333333333332,204.08166666666668,20.657717847493878,44.14,30.41,14.25,37.64,17888.0,20937.0,20046.666666666668,8578.0,10116.0,86.0,192.50000000000003
2016-11-01,185.29,52.66,19897.0,5051.0,180.5,2016,11,4,-0.5000000000000004,0.8660254037844384,-0.8660254037844392,0.4999999999999991,0,202.3,254.88,219.64,216.22,183.81,225.60666666666665,230.41666666666666,202.60166666666666,21.346786799578688,58.39,44.14,-5.730000000000004,44.31333333333333,23351.0,17888.0,20725.333333333332,7520.0,8538.666666666666,148.2,298.20000000000005
2016-12-01,141.38,68.06,29939.0,5414.0,194.9,2016,12,4,-2.4492935982947064e-16,1.0,-4.898587196589413e-16,1.0,0,185.29,202.3,254.88,253.73,170.56,214.15666666666667,225.26166666666668,202.725,28.120643958961317,52.66,58.39,15.400000000000006,51.73,19897.0,23351.0,20378.666666666668,5051.0,7049.666666666667,180.5,414.70000000000005
2017-01-01,149.4,70.7,35163.0,4893.0,208.0,2017,1,1,0.49999999999999994,0.8660254037844387,0.8660254037844386,0.5000000000000001,0,141.38,185.29,202.3,235.73,178.96,176.32333333333335,206.53666666666666,200.29333333333332,40.18902171820894,68.06,52.66,2.6400000000000006,59.70333333333334,29939.0,19897.0,24395.666666666668,5414.0,5995.0,194.9,523.6
2017-02-01,164.09,70.75,33881.0,5955.0,193.4,2017,2,1,0.8660254037844386,0.5000000000000001,0.8660254037844387,-0.4999999999999998,0,149.4,141.38,185.29,219.64,146.11,158.69,192.14833333333334,197.83,43.00230338791949,70.7,68.06,0.04999999999999716,63.80666666666667,35163.0,29939.0,28333.0,4893.0,5119.333333333333,208.0,583.4000000000001
2017-03-01,153.61,53.92,39875.0,7023.0,164.3,2017,3,1,1.0,6.123233995736766e-17,1.2246467991473532e-16,-1.0,0,164.09,149.4,141.38,254.88,164.3,151.62333333333333,182.89,199.32833333333335,41.86446798897613,70.75,70.7,-16.83,69.83666666666667,33881.0,35163.0,32994.333333333336,5955.0,5420.666666666667,193.4,596.3000000000001
2017-04-01,198.8,44.35,28925.0,9501.0,127.3,2017,4,2,0.8660254037844387,-0.4999999999999998,-0.8660254037844384,-0.5000000000000004,0,153.61,164.09,149.4,202.3,204.98,155.70000000000002,166.01166666666668,198.4375,23.360898455895832,53.92,70.75,-9.57,65.12333333333333,39875.0,33881.0,36306.333333333336,7023.0,5957.0,164.3,565.7
2017-05-01,199.09,44.41,26900.0,10010.0,68.5,2017,5,2,0.49999999999999994,-0.8660254037844387,-0.8660254037844386,0.5000000000000001,1,198.8,153.61,164.09,185.29,216.22,172.16666666666666,165.42833333333334,197.9225,22.2928144626621,44.35,53.92,0.05999999999999517,56.34,28925.0,39875.0,34227.0,9501.0,7493.0,127.3,485.00000000000006
2017-06-01,217.37,36.55,23827.0,9704.0,53.0,2017,6,2,1.2246467991473532e-16,-1.0,-2.4492935982947064e-16,1.0,1,199.09,198.8,153.61,141.38,253.73,183.83333333333334,167.72833333333335,196.495,25.265509626102464,44.41,44.35,-7.859999999999999,47.56,26900.0,28925.0,31900.0,10010.0,8844.666666666666,68.5,360.1
2017-07-01,215.49,33.75,23809.0,9781.0,30.4,2017,7,3,-0.4999999999999997,-0.8660254037844388,0.8660254037844384,0.5000000000000006,1,217.37,199.09,198.8,149.4,235.73,205.08666666666667,180.39333333333335,193.46500000000003,28.282068288346128,36.55,44.41,-2.799999999999997,41.77,23827.0,26900.0,26550.666666666668,9704.0,9738.333333333334,53.0,248.8
2017-08-01,252.95,36.49,15410.0,10559.0,37.4,2017,8,3,-0.8660254037844384,-0.5000000000000004,0.8660254037844392,-0.4999999999999992,1,215.49,217.37,199.09,164.09,219.64,210.65,191.40833333333333,191.77833333333334,26.617982205018304,33.75,36.55,2.740000000000002,38.23666666666667,23809.0,23827.0,24845.333333333332,9781.0,9831.666666666666,30.4,151.90000000000003
2017-09-01,203.71,37.8,23114.0,8194.0,72.3,2017,9,3,-1.0,-1.8369701987210297e-16,3.6739403974420594e-16,-1.0,1,252.95,215.49,217.37,153.61,254.88,228.60333333333332,206.21833333333333,194.55416666666665,32.458138219353664,36.49,33.75,1.3099999999999952,35.59666666666667,15410.0,23809.0,21015.333333333332,10559.0,10014.666666666666,37.4,120.80000000000003
2017-10-01,164.26,51.21,23526.0,9465.0,128.2,2017,10,4,-0.8660254037844386,0.5000000000000001,-0.8660254037844387,-0.49999999999999983,1,203.71,252.95,215.49,198.8,202.3,224.04999999999998,214.5683333333333,190.29,20.43513485804939,37.8,36.49,13.410000000000004,36.013333333333335,23114.0,15410.0,20777.666666666668,8194.0,9511.333333333334,72.3,140.10000000000002
2017-11-01,177.86,60.37,25546.0,7694.0,164.0,2017,11,4,-0.5000000000000004,0.8660254037844384,-0.8660254037844392,0.4999999999999991,0,164.26,203.71,252.95,199.09,185.29,206.97333333333333,208.81166666666664,187.12,28.8839972418408,51.21,37.8,9.159999999999997,41.83333333333334,23526.0,23114.0,20683.333333333332,9465.0,9406.0,128.2,237.9
2017-12-01,126.6,61.77,33655.0,5460.0,198.7,2017,12,4,-2.4492935982947064e-16,1.0,-4.898587196589413e-16,1.0,0,177.86,164.26,203.71,217.37,141.38,181.94333333333336,205.27333333333334,186.50083333333336,31.495404532513433,60.37,51.21,1.4000000000000057,49.79333333333333,25546.0,23526.0,24062.0,7694.0,8451.0,164.0,364.5
2018-01-01,147.56,76.93,36292.0,4129.0,205.0,2018,1,1,0.49999999999999994,0.8660254037844387,0.8660254037844386,0.5000000000000001,0,126.6,177.86,164.26,215.49,149.4,156.23999999999998,190.14499999999998,185.26916666666668,43.88568730235413,61.77,60.37,15.160000000000004,57.78333333333334,33655.0,25546.0,27575.666666666668,5460.0,7539.666666666667,198.7,490.90000000000003
2018-02-01,114.9,67.41,35499.0,6918.0,203.2,2018,2,1,0.8660254037844386,0.5000000000000001,0.8660254037844387,-0.4999999999999998,0,147.56,126.6,177.86,252.95,164.09,150.67333333333335,178.82333333333335,185.1158333333333,44.792410369019834,76.93,61.77,-9.52000000000001,66.35666666666667,36292.0,33655.0,31831.0,4129.0,5761.0,205.0,567.7
2018-03-01,142.34,52.34,35969.0,6658.0,154.5,2018,3,1,1.0,6.123233995736766e-17,1.2246467991473532e-16,-1.0,0,114.9,147.56,126.6,203.71,153.61,129.68666666666664,155.815,181.01666666666668,33.00584660329159,67.41,76.93,-15.069999999999993,68.70333333333335,35499.0,36292.0,35148.666666666664,6918.0,5502.333333333333,203.2,606.9000000000001
2018-04-01,191.65,52.43,31537.0,8990.0,125.0,2018,4,2,0.8660254037844387,-0.4999999999999998,-0.8660254037844384,-0.5000000000000004,0,142.34,114.9,147.56,164.26,198.8,134.93333333333334,145.58666666666667,180.07750000000001,23.267407820096423,52.34,67.41,0.0899999999999963,65.56000000000002,35969.0,35499.0,35920.0,6658.0,5901.666666666667,154.5,562.7
2018-05-01,223.64,35.13,28284.0,7974.0,100.9,2018,5,2,0.49999999999999994,-0.8660254037844387,-0.8660254037844386,0.5000000000000001,1,191.65,142.34,114.9,177.86,199.09,149.63,150.15166666666667,179.48166666666668,29.512584716806547,52.43,52.34,-17.299999999999997,57.393333333333345,31537.0,35969.0,34335.0,8990.0,7522.0,125.0,482.7
2018-06-01,230.69,37.2,25155.0,9686.0,47.3,2018,6,2,1.2246467991473532e-16,-1.0,-2.4492935982947064e-16,1.0,1,223.64,191.65,142.34,126.6,217.37,185.87666666666667,157.78166666666667,181.5275,41.565479146362314,35.13,52.43,2.0700000000000003,46.63333333333335,28284.0,31537.0,31930.0,7974.0,7874.0,100.9,380.4
2018-07-01,233.84,36.49,24171.0,10504.0,38.3,2018,7,3,-0.4999999999999997,-0.8660254037844388,0.8660254037844384,0.5000000000000006,1,230.69,223.64,191.65,147.56,215.49,215.32666666666668,175.13,182.63750000000002,47.27787220254322,37.2,35.13,-0.7100000000000009,41.58666666666668,25155.0,28284.0,28325.333333333332,9686.0,8883.333333333334,47.3,273.20000000000005
2018-08-01,228.4,28.86,15905.0,10203.0,47.8,2018,8,3,-0.8660254037844384,-0.5000000000000004,0.8660254037844392,-0.4999999999999992,1,233.84,230.69,223.64,114.9,252.95,229.39000000000001,189.51,184.16666666666666,50.24348475175668,36.49,37.2,-7.630000000000003,36.27333333333335,24171.0,25155.0,25870.0,10504.0,9388.0,38.3,186.50000000000003
2018-09-01,196.09,44.22,25538.0,8890.0,82.8,2018,9,3,-1.0,-1.8369701987210297e-16,3.6739403974420594e-16,-1.0,1,228.4,233.84,230.69,142.34,203.71,230.9766666666667,208.42666666666665,182.1208333333333,35.83511443635513,28.86,36.49,15.36,34.183333333333344,15905.0,24171.0,21743.666666666668,10203.0,10131.0,47.8,133.40000000000003
2018-10-01,193.48,50.31,18620.0,8498.0,146.1,2018,10,4,-0.8660254037844386,0.5000000000000001,-0.8660254037844387,-0.49999999999999983,1,196.09,228.4,233.84,191.65,164.26,219.4433333333333,217.385,181.48583333333332,18.568858607895066,44.22,28.86,6.090000000000003,36.52333333333334,25538.0,15905.0,21871.333333333332,8890.0,9865.666666666666,82.8,168.90000000000003
2018-11-01,182.04,61.21,27621.0,5896.0,185.1,2018,11,4,-0.5000000000000004,0.8660254037844384,-0.8660254037844392,0.4999999999999991,0,193.48,196.09,228.4,223.64,177.86,205.99,217.69000000000003,183.92083333333335,18.06993746530404,50.31,44.22,10.899999999999999,41.13,18620.0,25538.0,20021.0,8498.0,9197.0,146.1,276.7
2018-12-01,198.72,73.02,33971.0,5721.0,184.6,2018,12,4,-2.4492935982947064e-16,1.0,-4.898587196589413e-16,1.0,0,182.04,193.48,196.09,230.69,126.6,190.53666666666666,210.75666666666666,184.26916666666668,22.714341431498013,61.21,50.31,11.809999999999995,51.91333333333335,27621.0,18620.0,23926.333333333332,5896.0,7761.333333333333,185.1,414.0
2019-01-01,184.59,64.57,36497.0,5596.0,200.2,2019,1,1,0.49999999999999994,0.8660254037844387,0.8660254037844386,0.5000000000000001,0,198.72,182.04,193.48,233.84,147.56,191.41333333333333,205.42833333333337,190.2791666666667,20.769705261911366,73.02,61.21,-8.450000000000003,61.51333333333334,33971.0,27621.0,26737.333333333332,5721.0,6705.0,184.6,515.8
2019-02-01,156.09,59.47,35443.0,6246.0,201.7,2019,2,1,0.8660254037844386,0.5000000000000001,0.8660254037844387,-0.4999999999999998,0,184.59,198.72,182.04,228.4,114.9,188.44999999999996,197.22,193.36499999999998,16.611178164115994,64.57,73.02,-5.099999999999994,66.26666666666667,36497.0,33971.0,32696.333333333332,5596.0,5737.666666666667,200.2,569.9
2019-03-01,212.3,52.05,35274.0,7319.0,165.3,2019,3,1,1.0,6.123233995736766e-17,1.2246467991473532e-16,-1.0,0,156.09,184.59,198.72,196.09,142.34,179.79999999999998,185.16833333333332,196.7975,15.669618268058528,59.47,64.57,-7.420000000000002,65.68666666666667,35443.0,36497.0,35303.666666666664,6246.0,5854.333333333333,201.7,586.5
2019-04-01,223.44,43.27,31267.0,7100.0,143.2,2019,4,2,0.8660254037844387,-0.4999999999999998,-0.8660254037844384,-0.5000000000000004,0,212.3,156.09,184.59,193.48,191.65,184.32666666666668,187.87,202.62750000000003,18.977540409652832,52.05,59.47,-8.779999999999994,58.69666666666668,35274.0,35443.0,35738.0,7319.0,6387.0,165.3,567.2
2019-05-01,241.92,37.81,26527.0,8023.0,68.8,2019,5,2,0.49999999999999994,-0.8660254037844387,-0.8660254037844386,0.5000000000000001,1,223.44,212.3,156.09,182.04,223.64,197.27666666666667,192.86333333333334,205.27666666666664,24.020356922133182,43.27,52.05,-5.460000000000001,51.59666666666667,31267.0,35274.0,33994.666666666664,7100.0,6888.333333333333,143.2,510.20000000000005
2019-06-01,283.27,33.17,25624.0,11187.0,60.6,2019,6,2,1.2246467991473532e-16,-1.0,-2.4492935982947064e-16,1.0,1,241.92,223.44,212.3,198.72,230.69,225.88666666666666,202.84333333333333,206.79999999999998,30.25457761507617,37.81,43.27,-4.640000000000001,44.37666666666667,26527.0,31267.0,31022.666666666668,8023.0,7480.666666666667,68.8,377.3
2019-07-01,299.44,30.28,21098.0,10766.0,38.0,2019,7,3,-0.4999999999999997,-0.8660254037844388,0.8660254037844384,0.5000000000000006,1,283.27,241.92,223.44,184.59,233.84,249.54333333333332,216.93500000000003,211.18166666666664,44.35469253641599,33.17,37.81,-2.8900000000000006,38.08333333333334,25624.0,26527.0,27806.0,11187.0,8770.0,60.6,272.6
2019-08-01,295.24,35.3,17268.0,9566.0,37.3,2019,8,3,-0.8660254037844384,-0.5000000000000004,0.8660254037844392,-0.4999999999999992,1,299.44,283.27,241.92,156.09,228.4,274.8766666666666,236.07666666666663,216.6483333333333,51.76707319007573,30.28,33.17,5.019999999999996,33.75333333333334,21098.0,25624.0,24416.333333333332,10766.0,9992.0,38.0,167.40000000000003
2019-09-01,251.34,37.67,22455.0,10491.0,84.7,2019,9,3,-1.0,-1.8369701987210297e-16,3.6739403974420594e-16,-1.0,1,295.24,299.44,283.27,212.3,196.09,292.65000000000003,259.2683333333333,222.21833333333336,38.143052010381254,35.3,30.28,2.3700000000000045,32.91666666666668,17268.0,21098.0,21330.0,9566.0,10506.333333333334,37.3,135.90000000000003
2019-10-01,243.13,53.72,24268.0,8093.0,117.7,2019,10,4,-0.8660254037844386,0.5000000000000001,-0.8660254037844387,-0.49999999999999983,1,251.34,295.24,299.44,223.44,193.48,282.00666666666666,265.77500000000003,226.8225,31.23227801489959,37.67,35.3,16.049999999999997,34.41666666666668,22455.0,17268.0,20273.666666666668,10491.0,10274.333333333334,84.7,160.00000000000003
2019-11-01,236.51,53.98,30032.0,7693.0,172.6,2019,11,4,-0.5000000000000004,0.8660254037844384,-0.8660254037844392,0.4999999999999991,0,243.13,251.34,295.24,241.92,182.04,263.2366666666666,269.0566666666667,230.96,26.582715186125103,53.72,37.67,0.259999999999998,42.23000000000001,24268.0,22455.0,21330.333333333332,8093.0,9383.333333333334,117.7,239.70000000000005
2019-12-01,234.9,75.34,34074.0,5889.0,195.1,2019,12,4,-2.4492935982947064e-16,1.0,-4.898587196589413e-16,1.0,0,236.51,243.13,251.34,283.27,198.72,243.66,268.15500000000003,235.4991666666667,27.75324323389935,53.98,53.72,21.360000000000007,48.45666666666668,30032.0,24268.0,25585.0,7693.0,8759.0,172.6,375.0
2020-01-01,204.37,67.13,33722.0,7149.0,211.7,2020,1,1,0.49999999999999994,0.8660254037844387,0.8660254037844386,0.5000000000000001,0,234.9,236.51,243.13,299.44,184.59,238.17999999999998,260.0933333333333,238.51416666666663,29.457432112569666,75.34,53.98,-8.210000000000008,61.01333333333334,34074.0,30032.0,29458.0,5889.0,7225.0,195.1,485.4
2020-02-01,215.6,57.15,35600.0,7239.0,206.2,2020,2,1,0.8660254037844386,0.5000000000000001,0.8660254037844387,-0.4999999999999998,0,204.37,234.9,236.51,295.24,156.09,225.26,244.24833333333333,240.16250000000002,29.628523700425205,67.13,75.34,-9.979999999999997,65.48333333333335,33722.0,34074.0,32609.333333333332,7149.0,6910.333333333333,211.7,579.4
2020-03-01,213.83,49.35,37662.0,6551.0,163.1,2020,3,1,1.0,6.123233995736766e-17,1.2246467991473532e-16,-1.0,0,215.6,204.37,234.9,251.34,212.3,218.29,230.97500000000002,245.12166666666667,17.622348027433738,57.15,67.13,-7.799999999999997,66.54,35600.0,33722.0,34465.333333333336,7239.0,6759.0,206.2,613.0
2020-04-01,231.97,47.96,34026.0,8777.0,138.8,2020,4,2,0.8660254037844387,-0.4999999999999998,-0.8660254037844384,-0.5000000000000004,0,213.83,215.6,204.37,243.13,223.44,211.26666666666665,224.72333333333333,245.24916666666664,15.47548728365822,49.35,57.15,-1.3900000000000006,57.87666666666669,37662.0,35600.0,35661.333333333336,6551.0,6979.666666666667,163.1,581.0
2020-05-01,287.48,35.28,27948.0,9766.0,116.9,2020,5,2,0.49999999999999994,-0.8660254037844387,-0.8660254037844386,0.5000000000000001,1,231.97,213.83,215.6,236.51,241.92,220.46666666666667,222.86333333333334,245.96,13.344697323906157,47.96,49.35,-12.68,51.48666666666668,34026.0,37662.0,35762.666666666664,8777.0,7522.333333333333,138.8,508.1
2020-06-01,310.89,33.23,23793.0,11260.0,52.3,2020,6,2,1.2246467991473532e-16,-1.0,-2.4492935982947064e-16,1.0,1,287.48,231.97,213.83,234.9,283.27,244.42666666666665,231.35833333333335,249.75666666666666,29.821122324061932,35.28,47.96,-2.0500000000000043,44.19666666666668,27948.0,34026.0,33212.0,9766.0,8364.666666666666,116.9,418.79999999999995
2020-07-01,289.18,29.47,23400.0,9728.0,36.5,2020,7,3,-0.4999999999999997,-0.8660254037844388,0.8660254037844384,0.5000000000000006,1,310.89,287.48,231.97,204.37,299.44,276.78000000000003,244.0233333333333,252.05833333333337,44.264717175947915,33.23,35.28,-3.759999999999998,38.823333333333345,23793.0,27948.0,28589.0,11260.0,9934.333333333334,52.3,308.0
2020-08-01,301.52,29.0,17521.0,10714.0,40.4,2020,8,3,-0.8660254037844384,-0.5000000000000004,0.8660254037844392,-0.4999999999999992,1,289.18,310.89,287.48,215.6,295.24,295.84999999999997,258.15833333333336,251.20333333333335,42.57880760033859,29.47,33.23,-0.46999999999999886,32.66000000000002,23400.0,23793.0,25047.0,9728.0,10251.333333333334,36.5,205.7
2020-09-01,273.41,31.57,21574.0,10097.0,74.9,2020,9,3,-1.0,-1.8369701987210297e-16,3.6739403974420594e-16,-1.0,1,301.52,289.18,310.89,213.83,251.34,300.53,272.4783333333333,251.72666666666666,39.75782258457629,29.0,29.47,2.5700000000000003,30.56666666666668,17521.0,23400.0,21571.333333333332,10714.0,10567.333333333334,40.4,129.2
2020-10-01,233.15,37.08,22995.0,6593.0,122.1,2020,10,4,-0.8660254037844386,0.5000000000000001,-0.8660254037844387,-0.49999999999999983,1,273.41,301.52,289.18,231.97,243.13,288.0366666666667,282.40833333333336,253.56583333333333,27.831758418516078,31.57,29.0,5.509999999999998,30.01333333333335,21574.0,17521.0,20831.666666666668,10097.0,10179.666666666666,74.9,151.8
2020-11-01,228.98,51.27,27456.0,5803.0,154.2,2020,11,4,-0.5000000000000004,0.8660254037844384,-0.8660254037844392,0.4999999999999991,0,233.15,273.41,301.52,287.48,236.51,269.36,282.605,252.73416666666665,27.40496214191827,37.08,31.57,14.190000000000005,32.55000000000001,22995.0,21574.0,20696.666666666668,6593.0,9134.666666666666,122.1,237.39999999999998
2020-12-01,233.11,64.22,35247.0,4204.0,186.7,2020,12,4,-2.4492935982947064e-16,1.0,-4.898587196589413e-16,1.0,0,228.98,233.15,273.41,310.89,234.9,245.17999999999998,272.855,252.10666666666665,34.74668257546291,51.27,37.08,12.949999999999996,39.97333333333335,27456.0,22995.0,24008.333333333332,5803.0,7497.666666666667,154.2,351.19999999999993
2021-01-01,196.96,63.27,37858.0,5284.0,218.4,2021,1,1,0.49999999999999994,0.8660254037844387,0.8660254037844386,0.5000000000000001,0,233.11,228.98,233.15,289.18,204.37,231.74666666666667,259.8916666666667,251.9575,32.12903821571151,64.22,51.27,-0.9499999999999957,50.85666666666668,35247.0,27456.0,28566.0,4204.0,5533.333333333333,186.7,463.0
2021-02-01,228.66,53.41,39034.0,6409.0,188.7,2021,2,1,0.8660254037844386,0.5000000000000001,0.8660254037844387,-0.4999999999999998,0,196.96,233.11,228.98,301.52,215.6,219.68333333333337,244.52166666666668,251.34,37.00416809856233,63.27,64.22,-9.860000000000007,59.58666666666668,37858.0,35247.0,33520.333333333336,5284.0,5097.0,218.4,559.3
2021-03-01,165.57,53.77,39058.0,7952.0,159.3,2021,3,1,1.0,6.123233995736766e-17,1.2246467991473532e-16,-1.0,0,228.66,196.96,233.11,273.41,213.83,219.57666666666668,232.37833333333333,252.4283333333333,24.349790485067103,53.41,63.27,0.36000000000000654,60.30000000000001,39034.0,37858.0,37379.666666666664,6409.0,5299.0,188.7,593.8
2021-04-01,245.23,45.68,32553.0,8059.0,118.2,2021,4,2,0.8660254037844387,-0.4999999999999998,-0.8660254037844384,-0.5000000000000004,0,165.57,228.66,196.96,233.15,231.97,197.06333333333336,214.405,248.40666666666667,27.59011761482734,53.77,53.41,-8.090000000000003,56.816666666666684,39058.0,39034.0,38650.0,7952.0,6548.333333333333,159.3,566.4
2021-05-01,249.87,10.18,29705.0,15553.0,77.3,2021,5,2,0.49999999999999994,-0.8660254037844387,-0.8660254037844386,0.5000000000000001,1,245.23,165.57,228.66,228.98,287.48,213.1533333333333,216.41833333333332,249.51166666666668,29.59918067559762,45.68,53.77,-35.5,50.95333333333335,32553.0,39058.0,36881.666666666664,8059.0,7473.333333333333,118.2,466.2
2021-06-01,435.64,8.63,22724.0,14061.0,45.0,2021,6,2,1.2246467991473532e-16,-1.0,-2.4492935982947064e-16,1.0,1,249.87,245.23,165.57,233.11,310.89,220.22333333333333,219.9,246.37749999999997,32.462421351464265,10.18,45.68,-1.549999999999999,36.543333333333344,29705.0,32553.0,33772.0,15553.0,10521.333333333334,77.3,354.8
2021-07-01,446.37,5.59,21016.0,14137.0,32.9,2021,7,3,-0.4999999999999997,-0.8660254037844388,0.8660254037844384,0.5000000000000006,1,435.64,249.87,245.23,196.96,289.18,310.24666666666667,253.65499999999997,256.7733333333333,94.65927038594786,8.63,10.18,-3.040000000000001,21.49666666666668,22724.0,29705.0,28327.333333333332,14061.0,12557.666666666666,45.0,240.49999999999997
2021-08-01,402.23,5.0,18675.0,15121.0,44.8,2021,8,3,-0.8660254037844384,-0.5000000000000004,0.8660254037844392,-0.4999999999999992,1,446.37,435.64,249.87,228.66,301.52,377.2933333333333,295.2233333333333,269.8725,116.92653893221433,5.59,8.63,-0.5899999999999999,8.133333333333347,21016.0,22724.0,24481.666666666668,14137.0,14583.666666666666,32.9,155.19999999999996
2021-09-01,418.4,15.79,20448.0,14557.0,73.3,2021,9,3,-1.0,-1.8369701987210297e-16,3.6739403974420594e-16,-1.0,1,402.23,446.37,435.64,165.57,273.41,428.08,324.15166666666664,278.26500000000004,118.62355253770905,5.0,5.59,10.79,6.4066666666666805,18675.0,21016.0,20805.0,15121.0,14439.666666666666,44.8,122.69999999999996
2021-10-01,408.13,25.65,24988.0,12974.0,151.5,2021,10,4,-0.8660254037844386,0.5000000000000001,-0.8660254037844387,-0.49999999999999983,1,418.4,402.23,446.37,245.23,233.15,422.3333333333333,366.28999999999996,290.3475,93.20783722413009,15.79,5.0,9.86,8.793333333333347,20448.0,18675.0,20046.333333333332,14557.0,14605.0,73.3,150.99999999999997
2021-11-01,408.05,37.12,25954.0,10096.0,169.9,2021,11,4,-0.5000000000000004,0.8660254037844384,-0.8660254037844392,0.4999999999999991,0,408.13,418.4,402.23,249.87,228.98,409.58666666666664,393.44,304.9291666666667,72.26455784130916,25.65,15.79,11.469999999999999,15.480000000000013,24988.0,20448.0,21370.333333333332,12974.0,14217.333333333334,151.5,269.59999999999997
2021-12-01,357.64,43.41,37731.0,10764.0,190.1,2021,12,4,-2.4492935982947064e-16,1.0,-4.898587196589413e-16,1.0,0,408.05,408.13,418.4,435.64,233.11,411.52666666666664,419.80333333333334,319.8516666666667,17.56010668152597,37.12,25.65,6.289999999999999,26.186666666666678,25954.0,24988.0,23796.666666666668,10096.0,12542.333333333334,169.9,394.7
2022-01-01,167.65,53.51,33279.0,4456.0,219.0,2022,1,1,0.49999999999999994,0.8660254037844387,0.8660254037844386,0.5000000000000001,0,357.64,408.05,408.13,446.37,196.96,391.2733333333333,406.80333333333334,330.2291666666667,28.77939100583226,43.41,37.12,10.100000000000001,35.393333333333345,37731.0,25954.0,29557.666666666668,10764.0,11278.0,190.1,511.5
2022-02-01,179.54,53.15,33965.0,6371.0,191.8,2022,2,1,0.8660254037844386,0.5000000000000001,0.8660254037844387,-0.4999999999999998,0,167.65,357.64,408.05,402.23,228.66,311.1133333333333,360.34999999999997,327.7866666666667,96.77043908136375,53.51,43.41,-0.35999999999999943,44.68000000000001,33279.0,37731.0,32321.333333333332,4456.0,8438.666666666666,219.0,579.0
2022-03-01,221.13,53.68,38690.0,7043.0,193.3,2022,3,1,1.0,6.123233995736766e-17,1.2246467991473532e-16,-1.0,0,179.54,167.65,357.64,418.4,165.57,234.9433333333333,323.23499999999996,323.6933333333333,117.89467481612539,53.15,53.51,0.5300000000000011,50.02333333333335,33965.0,33279.0,34991.666666666664,6371.0,7197.0,191.8,600.9
2022-04-01,232.42,44.52,34479.0,7248.0,130.2,2022,4,2,0.8660254037844387,-0.4999999999999998,-0.8660254037844384,-0.5000000000000004,0,221.13,179.54,167.65,408.13,245.23,189.43999999999997,290.3566666666666,328.3233333333333,113.47150896443844,53.68,53.15,-9.159999999999997,53.44666666666668,38690.0,33965.0,35311.333333333336,7043.0,5956.666666666667,193.3,604.1
2022-05-01,239.21,35.38,29560.0,8839.0,104.9,2022,5,2,0.49999999999999994,-0.8660254037844387,-0.8660254037844386,0.5000000000000001,1,232.42,221.13,179.54,408.05,249.87,211.02999999999997,261.07166666666666,327.2558333333333,98.71104161473856,44.52,53.68,-9.14,50.45000000000002,34479.0,38690.0,35711.333333333336,7248.0,6887.333333333333,130.2,515.3
2022-06-01,275.25,45.33,25071.0,9318.0,43.4,2022,6,2,1.2246467991473532e-16,-1.0,-2.4492935982947064e-16,1.0,1,239.21,232.42,221.13,357.64,435.64,230.92,232.9316666666667,326.3675,67.59214907566309,35.38,44.52,9.949999999999996,44.52666666666668,29560.0,34479.0,34243.0,8839.0,7710.0,104.9,428.4
2022-07-01,276.07,26.35,20175.0,10450.0,25.4,2022,7,3,-0.4999999999999997,-0.8660254037844388,0.8660254037844384,0.5000000000000006,1,275.25,239.21,232.42,167.65,446.37,248.95999999999995,219.19999999999996,313.00166666666667,39.876845411842744,45.33,35.38,-18.979999999999997,41.74333333333335,25071.0,29560.0,29703.333333333332,9318.0,8468.333333333334,43.4,278.49999999999994
2022-08-01,289.66,31.44,16757.0,10929.0,69.9,2022,8,3,-0.8660254037844384,-0.5000000000000004,0.8660254037844392,-0.4999999999999992,1,276.07,275.25,239.21,179.54,402.23,263.51,237.27,298.81,36.24488653589624,26.35,45.33,5.09,35.68666666666668,20175.0,25071.0,24935.333333333332,10450.0,9535.666666666666,25.4,173.7
2022-09-01,248.46,36.97,20395.0,8461.0,74.0,2022,9,3,-1.0,-1.8369701987210297e-16,3.6739403974420594e-16,-1.0,1,289.66,276.07,275.25,221.13,418.4,280.32666666666665,255.6233333333333,289.4291666666666,28.140181709908124,31.44,26.35,5.529999999999998,34.37333333333334,16757.0,20175.0,20667.666666666668,10929.0,10232.333333333334,69.9,138.7
2022-10-01,238.93,44.31,21807.0,8403.0,114.4,2022,10,4,-0.8660254037844386,0.5000000000000001,-0.8660254037844387,-0.49999999999999983,1,248.46,289.66,276.07,232.42,408.13,271.39666666666665,260.17833333333334,275.2675,23.222335297438214,36.97,31.44,7.340000000000003,31.586666666666684,20395.0,16757.0,19109.0,8461.0,9946.666666666666,74.0,169.29999999999995
2022-11-01,221.67,48.32,30438.0,6326.0,169.1,2022,11,4,-0.5000000000000004,0.8660254037844384,-0.8660254037844392,0.4999999999999991,0,238.93,248.46,289.66,239.21,408.05,259.01666666666665,261.2633333333333,261.1675,21.772861701362178,44.31,36.97,4.009999999999998,37.57333333333335,21807.0,20395.0,19653.0,8403.0,9264.333333333334,114.4,258.3
2022-12-01,191.75,60.13,32132.0,5201.0,227.8,2022,12,4,-2.4492935982947064e-16,1.0,-4.898587196589413e-16,1.0,0,221.67,238.93,248.46,275.25,357.64,236.35333333333332,258.34,245.6358333333333,26.07794010269944,48.32,44.31,11.810000000000002,43.20000000000001,30438.0,21807.0,24213.333333333332,6326.0,7730.0,169.1,357.49999999999994
2023-01-01,222.13,54.74,33730.0,5414.0,199.7,2023,1,1,0.49999999999999994,0.8660254037844387,0.8660254037844386,0.5000000000000001,0,191.75,221.67,238.93,276.07,167.65,217.44999999999996,244.42333333333332,231.81166666666664,35.73942678145043,60.13,48.32,-5.390000000000001,50.920000000000016,32132.0,30438.0,28125.666666666668,5201.0,6643.333333333333,227.8,511.29999999999995
2023-02-01,230.92,54.85,36197.0,5007.0,199.0,2023,2,1,0.8660254037844386,0.5000000000000001,0.8660254037844387,-0.4999999999999998,0,222.13,191.75,221.67,289.66,179.54,211.85,235.4333333333333,236.35166666666666,32.85450877226234,54.74,60.13,0.10999999999999943,54.39666666666668,33730.0,32132.0,32100.0,5414.0,5647.0,199.7,596.5999999999999
2023-03-01,244.96,46.87,36827.0,6307.0,182.1,2023,3,1,1.0,6.123233995736766e-17,1.2246467991473532e-16,-1.0,0,230.92,222.13,191.75,248.46,221.13,214.9333333333333,225.64333333333335,240.63333333333333,19.50316863144728,54.85,54.74,-7.980000000000004,56.57333333333335,36197.0,33730.0,34019.666666666664,5007.0,5207.333333333333,199.0,626.5
2023-04-01,264.54,40.56,31091.0,7042.0,132.9,2023,4,2,0.8660254037844387,-0.4999999999999998,-0.8660254037844384,-0.5000000000000004,0,244.96,230.92,222.13,238.93,232.42,232.67,225.06000000000003,242.6191666666667,18.720895277737196,46.87,54.85,-6.309999999999995,52.15333333333334,36827.0,36197.0,35584.666666666664,6307.0,5576.0,182.1,580.8
2023-05-01,267.02,42.57,25944.0,10822.0,74.3,2023,5,2,0.49999999999999994,-0.8660254037844387,-0.8660254037844386,0.5000000000000001,1,264.54,244.96,230.92,221.67,239.21,246.80666666666664,229.32833333333335,245.29583333333335,24.53300260193739,40.56,46.87,2.009999999999998,47.42666666666668,31091.0,36827.0,34705.0,7042.0,6118.666666666667,132.9,514.0
2023-06-01,303.09,14.93,24109.0,10193.0,44.7,2023,6,2,1.2246467991473532e-16,-1.0,-2.4492935982947064e-16,1.0,1,267.02,264.54,244.96,191.75,275.25,258.84,236.88666666666666,247.61333333333334,28.385145176071603,42.57,40.56,-27.64,43.33333333333334,25944.0,31091.0,31287.333333333332,10822.0,8057.0,74.3,389.29999999999995
2023-07-01,313.11,25.13,20818.0,9940.0,37.7,2023,7,3,-0.4999999999999997,-0.8660254037844388,0.8660254037844384,0.5000000000000006,1,303.09,267.02,264.54,222.13,276.07,278.21666666666664,255.4433333333333,249.93333333333337,29.353179498423124,14.93,42.57,10.2,32.686666666666675,24109.0,25944.0,27048.0,10193.0,9352.333333333334,44.7,251.89999999999995
2023-08-01,302.43,15.9,17733.0,10336.0,81.8,2023,8,3,-0.8660254037844384,-0.5000000000000004,0.8660254037844392,-0.4999999999999992,1,313.11,303.09,267.02,230.92,289.66,294.4066666666667,270.6066666666667,253.01999999999998,32.07538599403969,25.13,14.93,-9.229999999999999,27.543333333333347,20818.0,24109.0,23623.666666666668,9940.0,10318.333333333334,37.7,156.69999999999993
2023-09-01,301.95,28.04,19028.0,9160.0,71.1,2023,9,3,-1.0,-1.8369701987210297e-16,3.6739403974420594e-16,-1.0,1,302.43,313.11,303.09,244.96,248.46,306.21,282.52500000000003,254.08416666666668,27.311407689827373,15.9,25.13,12.139999999999999,18.653333333333347,17733.0,20818.0,20886.666666666668,10336.0,10156.333333333334,81.8,164.19999999999993
2023-10-01,294.37,44.69,24080.0,7823.0,115.0,2023,10,4,-0.8660254037844386,0.5000000000000001,-0.8660254037844387,-0.49999999999999983,1,301.95,302.43,313.11,264.54,238.93,305.83,292.0233333333333,258.5416666666667,20.757920576652698,28.04,15.9,16.65,23.023333333333344,19028.0,17733.0,19193.0,9160.0,9812.0,71.1,190.59999999999994
2023-11-01,302.9,48.42,24380.0,7241.0,161.7,2023,11,4,-0.5000000000000004,0.8660254037844384,-0.8660254037844392,0.4999999999999991,0,294.37,301.95,302.43,267.02,221.67,299.5833333333333,296.995,263.16166666666663,15.851339060153602,44.69,28.04,3.730000000000004,29.543333333333347,24080.0,19028.0,20280.333333333332,7823.0,9106.333333333334,115.0,267.8999999999999
2023-12-01,258.89,49.15,28981.0,6441.0,200.6,2023,12,4,-2.4492935982947064e-16,1.0,-4.898587196589413e-16,1.0,0,302.9,294.37,301.95,303.09,191.75,299.73999999999995,302.97499999999997,269.93083333333334,5.968764528773616,48.42,44.69,0.7299999999999969,40.38333333333335,24380.0,24080.0,22496.0,7241.0,8074.666666666667,161.7,347.79999999999995
2024-01-01,256.04,53.22,33998.0,5076.0,211.6,2024,1,1,0.49999999999999994,0.8660254037844387,0.8660254037844386,0.5000000000000001,0,258.89,302.9,294.37,313.11,222.13,285.3866666666666,295.60833333333335,275.5258333333333,18.952562271804293,49.15,48.42,4.07,47.420000000000016,28981.0,24380.0,25813.666666666668,6441.0,7168.333333333333,200.6,477.2999999999999
2024-02-01,256.01,57.64,36466.0,5374.0,200.7,2024,2,1,0.8660254037844386,0.5000000000000001,0.8660254037844387,-0.4999999999999998,0,256.04,258.89,302.9,302.43,230.92,272.60999999999996,286.09666666666664,278.3516666666667,22.416565005964383,53.22,49.15,4.420000000000002,50.26333333333335,33998.0,28981.0,29119.666666666668,5076.0,6252.666666666667,211.6,573.9
2024-03-01,237.61,43.85,36571.0,6530.0,153.9,2024,3,1,1.0,6.123233995736766e-17,1.2246467991473532e-16,-1.0,0,256.01,256.04,258.89,301.95,244.96,256.97999999999996,278.36,280.4425,23.629666100052432,57.64,53.22,-13.79,53.33666666666667,36466.0,33998.0,33148.333333333336,5374.0,5630.333333333333,200.7,612.8999999999999
2024-04-01,291.42,39.43,36188.0,6158.0,119.6,2024,4,2,0.8660254037844387,-0.4999999999999998,-0.8660254037844384,-0.5000000000000004,0,237.61,256.01,256.04,294.37,264.54,249.88666666666666,267.6366666666667,279.83,25.321693202995796,43.85,57.64,-4.420000000000002,51.570000000000014,36571.0,36466.0,35678.333333333336,6530.0,5660.0,153.9,566.1999999999999
2024-05-01,312.33,29.43,30144.0,8038.0,77.1,2024,5,2,0.49999999999999994,-0.8660254037844387,-0.8660254037844386,0.5000000000000001,1,291.42,237.61,256.01,302.9,267.02,261.68,267.145,282.07,24.720299957726592,39.43,43.85,-10.0,46.97333333333335,36188.0,36571.0,36408.333333333336,6158.0,6020.666666666667,119.6,474.19999999999993
2024-06-01,369.21,19.2,23100.0,11259.0,43.1,2024,6,2,1.2246467991473532e-16,-1.0,-2.4492935982947064e-16,1.0,1,312.33,291.42,237.61,258.89,303.09,280.4533333333333,268.7166666666667,285.84583333333336,27.582275226431967,29.43,39.43,-10.23,37.570000000000014,30144.0,36188.0,34301.0,8038.0,6908.666666666667,77.1,350.59999999999997
2024-07-01,325.42,30.62,20158.0,11816.0,45.8,2024,7,3,-0.4999999999999997,-0.8660254037844388,0.8660254037844384,0.5000000000000006,1,369.21,312.33,291.42,256.04,313.11,324.32,287.1033333333333,291.35583333333335,48.53419234587741,19.2,29.43,11.420000000000002,29.35333333333335,23100.0,30144.0,29810.666666666668,11259.0,8485.0,43.1,239.79999999999993
2024-08-01,327.29,25.33,16494.0,9966.0,46.6,2024,8,3,-0.8660254037844384,-0.5000000000000004,0.8660254037844392,-0.4999999999999992,1,325.42,369.21,312.33,256.01,302.43,335.65333333333336,298.6666666666667,292.38166666666666,47.91411343922181,30.62,19.2,-5.290000000000003,26.416666666666675,20158.0,23100.0,24467.333333333332,11816.0,10371.0,45.8,165.99999999999994
2024-09-01,304.68,18.47,20159.0,9711.0,72.9,2024,9,3,-1.0,-1.8369701987210297e-16,3.6739403974420594e-16,-1.0,1,327.29,325.42,369.21,237.61,301.95,340.64,310.5466666666667,294.4533333333333,43.89011035149724,25.33,30.62,-6.859999999999999,25.05000000000001,16494.0,20158.0,19917.333333333332,9966.0,11013.666666666666,46.6,135.49999999999994
2024-10-01,262.13,38.38,22778.0,8249.0,129.6,2024,10,4,-0.8660254037844386,0.5000000000000001,-0.8660254037844387,-0.49999999999999983,1,304.68,327.29,325.42,291.42,294.37,319.13000000000005,321.725,294.68083333333334,26.820285419807334,18.47,25.33,19.910000000000004,24.806666666666676,20159.0,16494.0,18937.0,9711.0,10497.666666666666,72.9,165.29999999999995
2024-11-01,281.44,42.99,28807.0,9213.0,161.4,2024,11,4,-0.5000000000000004,0.8660254037844384,-0.8660254037844392,0.4999999999999991,0,262.13,304.68,327.29,312.33,302.9,298.0333333333333,316.8433333333333,291.9941666666667,34.89075961721959,38.38,18.47,4.609999999999999,27.393333333333345,22778.0,20159.0,19810.333333333332,8249.0,9308.666666666666,129.6,249.09999999999994
2024-12-01,257.36,57.0,30432.0,6731.0,191.2,2024,12,4,-2.4492935982947064e-16,1.0,-4.898587196589413e-16,1.0,0,281.44,262.13,304.68,369.21,258.89,282.75,311.695,290.2058333333334,37.843940994562644,42.99,38.38,14.009999999999998,33.28000000000001,28807.0,22778.0,23914.666666666668,9213.0,9057.666666666666,161.4,363.9
